{"v":"5.7.4","fr":60,"ip":0,"op":480,"w":360,"h":640,"nm":"Comp 1","ddd":0,"assets":[],"layers":[{"ddd":0,"ind":10,"ty":4,"nm":"Capa de formas 4","sr":1,"ks":{"o":{"a":0,"k":100,"ix":11},"r":{"a":0,"k":0,"ix":10},"p":{"a":0,"k":[181,375,0],"ix":2,"l":2},"a":{"a":0,"k":[0,0,0],"ix":1,"l":2},"s":{"a":0,"k":[100,100,100],"ix":6,"l":2}},"ao":0,"shapes":[{"ty":"gr","it":[{"ty":"sr","sy":1,"d":1,"pt":{"a":0,"k":5,"ix":3},"p":{"a":0,"k":[0,0],"ix":4},"r":{"a":1,"k":[{"i":{"x":[0.544],"y":[1]},"o":{"x":[0.327],"y":[0]},"t":0,"s":[0]},{"t":479,"s":[-360]}],"ix":5},"ir":{"a":0,"k":137.994,"ix":6},"is":{"a":0,"k":100,"ix":8},"or":{"a":0,"k":165.988,"ix":7},"os":{"a":0,"k":100,"ix":9},"ix":1,"nm":"Trazado de poliestrella 1","mn":"ADBE Vector Shape - Star","hd":false},{"ty":"st","c":{"a":0,"k":[0.321568986481,0.2588239782,0.231372997808,1],"ix":3},"o":{"a":0,"k":100,"ix":4},"w":{"a":0,"k":0,"ix":5},"lc":1,"lj":1,"ml":4,"bm":0,"nm":"Trazo 1","mn":"ADBE Vector Graphic - Stroke","hd":false},{"ty":"gf","o":{"a":0,"k":100,"ix":10},"r":1,"bm":0,"g":{"p":3,"k":{"a":0,"k":[0.333,1,0.8,0,0.535,1,0.85,0.25,1,1,0.9,0.501],"ix":9}},"s":{"a":1,"k":[{"i":{"x":0.794,"y":1},"o":{"x":0.333,"y":0},"t":0,"s":[0.546,6.538],"to":[5.669,-8.954],"ti":[0.064,0.431]},{"i":{"x":0.667,"y":1},"o":{"x":0.161,"y":0},"t":120,"s":[34.558,-47.188],"to":[-0.064,-0.431],"ti":[0,0]},{"i":{"x":0.797,"y":1},"o":{"x":0.333,"y":0},"t":240,"s":[0.162,3.949],"to":[0,0],"ti":[-0.064,-0.431]},{"i":{"x":0.667,"y":1},"o":{"x":0.181,"y":0},"t":360,"s":[34.558,-47.188],"to":[0.064,0.431],"ti":[5.669,-8.954]},{"t":479,"s":[0.546,6.538]}],"ix":5},"e":{"a":0,"k":[-103.509,116.934],"ix":6},"t":1,"nm":"Relleno de degradado 1","mn":"ADBE Vector Graphic - G-Fill","hd":false},{"ty":"tr","p":{"a":0,"k":[320.139,-409.314],"ix":2},"a":{"a":0,"k":[0,0],"ix":1},"s":{"a":0,"k":[277.899,277.899],"ix":3},"r":{"a":0,"k":0,"ix":6},"o":{"a":0,"k":100,"ix":7},"sk":{"a":0,"k":0,"ix":4},"sa":{"a":0,"k":0,"ix":5},"nm":"Transformar"}],"nm":"Poliestrella 2","np":3,"cix":2,"bm":0,"ix":1,"mn":"ADBE Vector Group","hd":false},{"ty":"gr","it":[{"ty":"sr","sy":1,"d":1,"pt":{"a":0,"k":5,"ix":3},"p":{"a":0,"k":[0,0],"ix":4},"r":{"a":1,"k":[{"i":{"x":[0.544],"y":[1]},"o":{"x":[0.327],"y":[0]},"t":0,"s":[0]},{"t":479,"s":[360]}],"ix":5},"ir":{"a":0,"k":137.994,"ix":6},"is":{"a":0,"k":100,"ix":8},"or":{"a":0,"k":165.988,"ix":7},"os":{"a":0,"k":100,"ix":9},"ix":1,"nm":"Trazado de poliestrella 1","mn":"ADBE Vector Shape - Star","hd":false},{"ty":"st","c":{"a":0,"k":[0.321568986481,0.2588239782,0.231372997808,1],"ix":3},"o":{"a":0,"k":100,"ix":4},"w":{"a":0,"k":0,"ix":5},"lc":1,"lj":1,"ml":4,"bm":0,"nm":"Trazo 1","mn":"ADBE Vector Graphic - Stroke","hd":false},{"ty":"gf","o":{"a":0,"k":100,"ix":10},"r":1,"bm":0,"g":{"p":3,"k":{"a":0,"k":[0.333,1,0.8,0,0.535,1,0.85,0.25,1,1,0.9,0.501],"ix":9}},"s":{"a":1,"k":[{"i":{"x":0.821,"y":1},"o":{"x":0.333,"y":0},"t":0,"s":[0.546,6.538],"to":[5.669,-8.954],"ti":[0.064,0.431]},{"i":{"x":0.667,"y":1},"o":{"x":0.182,"y":0},"t":120,"s":[34.558,-47.188],"to":[-0.064,-0.431],"ti":[0,0]},{"i":{"x":0.77,"y":1},"o":{"x":0.333,"y":0},"t":240,"s":[0.162,3.949],"to":[0,0],"ti":[-0.064,-0.431]},{"i":{"x":0.667,"y":1},"o":{"x":0.245,"y":0},"t":360,"s":[34.558,-47.188],"to":[0.064,0.431],"ti":[5.669,-8.954]},{"t":479,"s":[0.546,6.538]}],"ix":5},"e":{"a":0,"k":[76.576,-113.122],"ix":6},"t":1,"nm":"Relleno de degradado 1","mn":"ADBE Vector Graphic - G-Fill","hd":false},{"ty":"tr","p":{"a":0,"k":[-186.549,248.259],"ix":2},"a":{"a":0,"k":[0,0],"ix":1},"s":{"a":0,"k":[209.834,209.834],"ix":3},"r":{"a":0,"k":0,"ix":6},"o":{"a":0,"k":100,"ix":7},"sk":{"a":0,"k":0,"ix":4},"sa":{"a":0,"k":0,"ix":5},"nm":"Transformar"}],"nm":"Poliestrella 1","np":3,"cix":2,"bm":0,"ix":2,"mn":"ADBE Vector Group","hd":false}],"ip":0,"op":483,"st":0,"bm":0},{"ddd":0,"ind":13,"ty":4,"nm":"Capa de formas 3","sr":1,"ks":{"o":{"a":0,"k":100,"ix":11},"r":{"a":0,"k":0,"ix":10},"p":{"a":0,"k":[181.65,320,0],"ix":2,"l":2},"a":{"a":0,"k":[0,0,0],"ix":1,"l":2},"s":{"a":0,"k":[100,100,100],"ix":6,"l":2}},"ao":0,"shapes":[{"ty":"gr","it":[{"ty":"rc","d":1,"s":{"a":0,"k":[362.7,641.684],"ix":2},"p":{"a":0,"k":[0,0],"ix":3},"r":{"a":0,"k":0,"ix":4},"nm":"Trazado de rectángulo 1","mn":"ADBE Vector Shape - Rect","hd":false},{"ty":"st","c":{"a":0,"k":[0.321568986481,0.2588239782,0.231372997808,1],"ix":3},"o":{"a":0,"k":100,"ix":4},"w":{"a":0,"k":0,"ix":5},"lc":1,"lj":1,"ml":4,"bm":0,"nm":"Trazo 1","mn":"ADBE Vector Graphic - Stroke","hd":false},{"ty":"fl","c":{"a":0,"k":[1,0.909680834004,0.548403511795,1],"ix":4},"o":{"a":0,"k":100,"ix":5},"r":1,"bm":0,"nm":"Relleno 1","mn":"ADBE Vector Graphic - Fill","hd":false},{"ty":"tr","p":{"a":0,"k":[-1.65,-1.158],"ix":2},"a":{"a":0,"k":[0,0],"ix":1},"s":{"a":0,"k":[100,100],"ix":3},"r":{"a":0,"k":0,"ix":6},"o":{"a":0,"k":100,"ix":7},"sk":{"a":0,"k":0,"ix":4},"sa":{"a":0,"k":0,"ix":5},"nm":"Transformar"}],"nm":"Rectángulo 1","np":3,"cix":2,"bm":0,"ix":1,"mn":"ADBE Vector Group","hd":false}],"ip":0,"op":483,"st":0,"bm":0},{"ddd":0,"ind":14,"ty":1,"nm":"BG","sr":1,"ks":{"o":{"a":0,"k":100,"ix":11},"r":{"a":0,"k":0,"ix":10},"p":{"a":0,"k":[180,320,0],"ix":2,"l":2},"a":{"a":0,"k":[180,320,0],"ix":1,"l":2},"s":{"a":0,"k":[100,100,100],"ix":6,"l":2}},"ao":0,"sw":360,"sh":640,"sc":"#ffffff","ip":0,"op":120,"st":0,"bm":0}],"markers":[]}